x,y,U_x,U_y,nut,implicit_distance,es_borde
1.269289255142212,-0.8477022051811218,0.8020380730630141,-0.027347909636597268,3.1349126e-09,-0.8894468683423333,False
0.545548677444458,0.0733439773321151,0.0,0.0,0.0,-0.0,True
-0.0002806350821629,0.000913863768801,0.03005938226032821,-0.30590437988667557,3.76788e-14,-0.0002056088310216,False
0.0020196468103677,0.0057648164220154,0.007967032410291007,0.009811093599866046,1.507795e-12,-2.0243796238358385e-06,True
0.0007833961280994,-0.0019769235514104,0.11030474094139331,-0.16908141306651747,1.2652075e-11,-1.2184038738364744e-05,True
0.8750320076942444,-0.0036990505177527,0.7210603240185924,-0.048510561812736316,0.000585982,-0.0146091457711097,False
0.9268213510513306,0.0047753136605024,0.5208999405718144,-0.043576882788164316,0.0008854137,-0.0021789223288764,False
-0.0001138412699219,0.0007331726374104,0.01009551397507593,-0.25764221510816254,3.66972e-12,-4.028102635856703e-05,True
0.5631246566772461,0.0724142119288444,0.24504388687791306,-0.014868029553378853,4.88681e-06,-6.158216761192131e-05,True
-0.3517312705516815,0.0701020583510398,0.8051957831526574,0.015150673668065216,2.0816266e-09,-0.3583088201769814,False
0.4161376953125,0.0111840525642037,0.14235743984533364,0.008335631010962201,1.65367e-06,-6.13995283484357e-05,True
0.0001860909542301,-0.0009133901330642,0.20500974476934408,-0.5348147913077342,1.45569e-11,-6.15884258290688e-05,True
0.9533718824386596,0.004465349484235,0.2671637976819339,-0.024639802431231688,2.29312e-05,-0.0001476918633206,False
0.2586809992790222,0.0002777742047328,0.135074164222648,0.010284093067012187,8.34412e-07,-4.795487291130755e-05,True
0.2385445982217788,0.0825651586055755,0.9694859096250795,0.10429553009506541,6.5150424e-12,-0.016642410642145,False
1.1166092157363892,-0.6793902516365051,0.7974035882357902,-0.028134083516270756,3.133455e-09,-0.68932490395558,False
-0.0009023812017403,0.0027604917995631,0.12705632833147928,-0.05472364654476142,4.058075e-14,-0.0011078094192421,False
0.8540505766868591,0.0122927306219935,0.0819353016908032,-0.005147061128365732,1.160174e-07,-3.757432576032952e-05,True
1.0111644268035889,-0.014791396446526,0.7298158790546883,-0.07249099009466255,0.0011739751,-0.0185318599900548,False
-0.0965209454298019,-0.208210751414299,0.7996173288477613,-0.007597280090746258,4.1635728e-10,-0.2268310101836609,False
0.0024253919254988,0.0082567473873496,0.36354172546530433,0.28554238382375335,1.07205e-13,-0.0013866099258629,False
-0.0131478402763605,0.0309904925525188,0.6534427513055697,0.11778223157757231,9.966615e-13,-0.0287303039996586,False
0.9822400808334352,0.0071778963319957,0.3715847108727774,-0.09046736621848447,0.001055085,-0.0023381862549678,False
3.147733211517334,-0.4955262541770935,0.8175365171584215,-0.02679279784918421,3.1681242e-09,-2.2041561234253217,False
0.0296571459621191,0.021953010931611,0.20134168174159453,0.08163478076534864,5.816315e-10,-6.308126745387385e-05,True
0.914039433002472,0.0023617446422576,0.5956049385679933,-0.04697729178490685,0.0017966524,-0.0056390366941491,False
0.5002921223640442,0.1314371675252914,0.9765599461319231,-0.024108583899260225,1.0695975e-11,-0.0562148736044306,False
0.0960619524121284,0.0420410111546516,0.14606517107150524,0.03487642584696707,2.2726775e-07,-2.8078909596291823e-05,True
0.0005990853533148,0.003582164645195,0.0027825370166253854,0.005742375693291371,4.0864225e-13,-2.0777934121154392e-06,True
1.4716590642929075,-0.9345517754554749,0.8052874391676332,-0.02762407805457338,3.1377025e-09,-1.0468282065060348,False
0.3743718564510345,0.0769956931471824,0.7954342474643882,0.025196671039928616,0.00071266625,-0.001776702827713,False
-0.0011195985134691,0.002666160929948,0.14465455049637735,-0.07090237898143877,4.25348e-14,-0.0012912859169654,False
-0.0099498648196458,0.0462168753147125,0.7026720182569451,0.13415669528843618,1.55002e-12,-0.0393505543664611,False
0.2822425067424774,0.0700643435120582,0.1521305831895822,0.012574272171175726,3.2962376e-07,-3.1011365060146004e-05,True
0.3407419621944427,0.0063280304893851,0.11701170871572647,0.008175974105766426,5.334197e-07,-4.625752560540335e-05,True
1.0999042987823486,-0.0022155474871397,0.5806616305590485,-0.05976211279069652,0.0036551123,-0.0999288625266021,False
1.2278703451156616,0.4226841628551483,0.8376994068091721,-0.05488667615803743,3.1246998e-09,-0.4801945394438469,False
0.4986841082572937,0.0753008127212524,0.23416131453775932,-0.006893616063790642,3.5637574e-06,-5.549291311957578e-05,True
0.0010140072554349,0.0043905777856707,0.0526127881086672,0.08572309828530598,7.448782e-13,-2.518740734516833e-05,True
0.0936063155531883,-0.0107594318687915,0.08195030392400736,0.00318842992007095,2.18684e-08,-1.939270719052049e-05,True
-0.0011892114998772,0.0002581856679171,0.19560443314776232,-0.331504036084283,3.4555624e-14,-0.0011438792539591,False
0.0002766895631793,-0.0009831924689933,0.01341651853763557,-0.03375435648547587,1.378995e-11,-2.11644818433156e-06,True
-0.0104828719049692,0.0223092846572399,0.6064150025442321,0.1144343644157137,6.404285e-13,-0.0204613604083115,False
0.8899251222610474,0.0098343901336193,0.10496727732041164,-0.007728677201292816,3.9344e-07,-4.7303695819723215e-05,True
0.9410635232925416,0.0152166057378053,0.068732354789548,-0.01665949399221794,1.3102422e-07,-3.939925630915136e-05,True
0.0053834011778235,0.0090670092031359,0.12393657335726337,0.10035865883145433,1.12962e-12,-2.74537305563528e-05,True
0.0288195628672838,0.021563671529293,0.06255170685879309,0.025642454113614044,1.2462147e-12,-1.8493355082071037e-05,True
0.8345813751220703,0.0134960068389773,0.0,0.0,0.0,-0.0,True
-0.9643038511276244,1.3972342014312744,0.8288442985669903,-0.005151001705234403,3.0980656e-09,-1.6932457616683805,False
0.000952145375777,0.0043125171214342,0.06887480553774368,0.1138489444237727,6.796765e-13,-3.798129678742544e-05,True
0.0538895986974239,-0.0114865265786647,0.07133915682735377,-0.0006851396465163801,5.7750325e-09,-1.3761471135571136e-05,True
0.176782414317131,0.0576516240835189,0.0,0.0,0.0,-0.0,True
-0.0001520679361419,0.000962259073276,0.004387752277896178,-0.2881211204593065,1.7633575e-12,-7.765446104546399e-05,True
-0.000149271756527,3.477019845377072e-06,0.10075934772894889,-0.46687768609287394,2.761185e-13,-0.0001465188392638,False
0.6948320269584656,0.018367325887084,0.15104750894283997,-0.0020896678181419283,2.7706226e-06,-7.459865523423776e-05,True
0.0434022732079029,-0.0112857967615127,0.1823836264450736,-0.006175263261370321,6.6917374e-07,-3.272083367662587e-05,True
0.05992441624403,-0.0115785337984561,0.34795084778533486,0.0003319262806686506,1.5613525e-05,-8.15913526814521e-05,True
0.0006462586461566,0.0037485626526176,0.0413023678233152,0.07907311664202298,3.81741e-13,-3.362406439390029e-05,True
0.0621470212936401,0.0330190658569335,0.039078460489004284,0.011583271883061894,1.8464158e-10,-7.738046921476644e-06,True
0.1962558180093765,0.0605993308126926,0.3007025608501052,0.04223223656252232,7.5591374e-06,-6.463640949162149e-05,True
0.3555595874786377,0.0774677321314811,0.885578861556967,0.0372390856141292,0.0006080807,-0.0029265081094497,False
-0.0159530062228441,0.1147077605128288,0.792292380355064,0.10188676531125031,5.5093968e-12,-0.1032438686540772,False
0.9132797122001648,0.0326538681983947,0.7600645509111621,-0.15763085044267888,0.001344265,-0.0106575453669534,False
-0.0156339518725872,-0.0033675793092697,0.6094389706650454,-0.09718678482581701,4.3791376e-13,-0.0159897982394681,False
0.0064951200038194,0.0098994858562946,0.009567404263506378,0.007168966575758253,1.2034325e-12,-1.9209786255158822e-06,True
0.5561289191246033,0.0174484867602586,0.02629204303565791,0.0007220620523370911,2.702025e-10,-1.2298704011327675e-05,True
-0.087564431130886,-0.1124082505702972,0.789765279199846,-0.014336066498528586,2.3747884e-11,-0.1410962406160809,False
0.0004938526544719,-0.0015201745554804,0.19646243258805804,-0.3714632156249304,1.578975e-11,-2.982723303842817e-05,True
0.8838876485824585,0.0282451901584863,0.029550377919473094,-0.006330995870060639,4.5497975e-10,-1.234701564712351e-05,True
-0.2613336443901062,-0.9083684682846068,0.8057370444818158,-0.007894712607000563,3.1087126e-09,-0.9410463263633864,False
0.0087841935455799,0.0164583455771207,0.5878243828958699,0.30102027092322514,3.34433e-13,-0.0041901325691664,False
-0.0963532924652099,0.0913120433688163,0.777092717373162,0.05289059185267934,1.0039108e-11,-0.1303610231279851,False
0.9440969824790956,0.0020808039698749,0.5589461774351104,-0.04922890246563185,0.0013089025,-0.0033630040404283,False
0.958667814731598,0.0040165898390114,0.21771924115137353,-0.020415782009144075,9.926058e-06,-0.0001037654369242,False
-0.7234167456626892,1.45298433303833,0.8309796747441001,-0.005342593636326769,3.1015355e-09,-1.6163411155343943,False
0.4364754557609558,0.0765571370720863,0.577535533532895,4.959572091793159e-05,0.00018489776,-0.000384546816349,False
0.0038918217178434,0.0078940698876976,0.3237216579834418,0.2975351797387333,2.5996425e-12,-0.0001123705346242,False
0.847787082195282,0.0356703028082847,0.0505266515256049,-0.009939708469236906,5.67471e-09,-1.862579872028152e-05,True
0.0100773246958851,0.0133195733651518,0.5783064451795339,0.3471817828664632,3.132545e-13,-0.0008370562801718,False
-8.3175502368249e-05,-0.0010274136438965,0.2633822580926952,-0.5665293033294826,2.92732e-14,-0.00035377532155,False
0.8265080451965332,0.0397795848548412,0.1413009171700559,-0.026345940757507805,1.048687e-06,-4.947026851424383e-05,True
8.881192479748279e-05,0.0022867815569043,-0.00700201412391976,-0.03158025977287727,8.994963e-14,-2.588334127148896e-05,True
0.6309692859649658,-0.3219453990459442,0.7771941416060647,-0.01128339488242091,1.5777083e-09,-0.3406417192906079,False
0.0445782802999019,-0.0113655840978026,0.3591928030686201,-0.011084922675442966,1.417075e-05,-7.472749423660023e-05,True
0.7717368006706238,0.0163367372006177,0.22828264547543314,-0.008572224781857107,1.5780724e-05,-0.0001289136590333,False
0.0712995007634162,0.035641673952341,0.018789975368782425,0.005224550797442564,4.1118857e-12,-3.586961406066251e-06,True
0.9925602078437804,0.0020412250887602,0.019418792005311384,-0.005207808752289244,4.3022e-09,-2.6422827466765757e-05,True
-0.0044149309396743,-0.003303998382762,0.5104313268401252,-0.2788759395743871,1.1280025e-13,-0.0052276899441315,False
0.1759138405323028,0.0607968121767044,0.9525561300147863,0.14982070581789472,1.3466857e-06,-0.0032420793122351,False
0.0001585733989486,-0.0013539255596697,0.3148178787449726,-0.6136238987761857,3.5614825e-14,-0.0002568922889104,False
0.0503309778869152,-0.053207516670227,0.8646476602578814,-0.03239610036217005,3.5920876e-12,-0.0417761469638331,False
0.6892039775848389,0.0630008950829505,0.6984051051525576,-0.083666851963119,0.0010276038,-0.0021301716016492,False
0.9665794372558594,0.0013562507228925,0.525554423516834,-0.04991152594556532,0.0008168708,-0.0020040053404131,False
0.5550885200500488,0.085099957883358,0.9909164563928164,-0.05210554544890587,9.792993e-12,-0.0122556371399635,False
1.069538950920105,-0.0140786692500114,0.6667355463725128,-0.06231861579589362,0.00194208,-0.0709498035439139,False
0.0165683571249246,-0.009206055663526,0.9723768890475996,-0.1829872731540966,1.5689979e-08,-0.0003798934640247,False
0.8811734318733215,0.0288168787956237,0.010700596757928471,-0.002278541317362767,2.2125977e-12,-4.410346259371908e-06,True
0.0009620154160074,0.0043041505850851,0.050130518699904626,0.08341627044433947,7.008745e-13,-2.521219549479871e-05,True
1.029638171195984,-0.3512057065963745,0.7867515166798519,-0.03585581361929168,2.7242562e-09,-0.3524540672735968,False
0.0109075680375099,0.0129234381020069,0.2637206223579492,0.1596808980773207,3.47472e-12,-6.654067500757827e-05,True
0.0693652629852294,0.035121988505125,0.1259230789772812,0.035469626394580164,1.05432775e-07,-2.444925842274354e-05,True
-0.0001712254161247,0.0013039375189691,-0.0034667441871145395,-0.23694112580849924,4.1526326e-13,-0.0001140845235015,False
0.0006249267607927,0.003765478497371,0.060519516595679834,0.11243133787189363,3.3058525e-13,-6.032134395024516e-05,True
0.909695327281952,0.0278251618146896,0.6218558335931105,-0.1338127446716862,0.0018290875,-0.0051551776422143,False
-0.0128707261756062,0.013067016378045,0.56445841682993,0.05415456280384595,4.569325e-13,-0.0163974452440785,False
0.7805632948875427,0.016048302873969,0.15148598529231988,-0.0061023111968100795,2.67718e-06,-7.371561859405621e-05,True
0.5631436109542847,0.0727340206503868,0.546475273420803,-0.03308370514726525,0.00017986925,-0.0003819520830896,False
0.7516121864318848,0.0523740425705909,0.0411513516601463,-0.006207495950624137,9.12848e-10,-1.22747534648602e-05,True
0.091877207159996,-0.0206936672329902,0.8841458008095617,0.021745340954908425,4.0584224e-12,-0.0098807314632272,False
0.7118310928344727,0.0181134287267923,0.10147684034501443,-0.0019344237661422536,4.0355425e-07,-4.875623130033201e-05,True
0.0583462752401828,-0.011586058884859,0.3696857401489284,-0.0006345552458695686,1.9470925e-05,-8.927413638047419e-05,True
-0.2546361088752746,0.2233096361160278,0.8137562897178597,0.02823199653651067,1.0768082e-09,-0.3364476714226228,False
-1.3101704120635986,1.0483322143554688,0.8252364971821728,-0.004154148019069797,3.0943905e-09,-1.6759455948047923,False
0.2822469174861908,0.0700335949659347,0.0,0.0,0.0,-0.0,True
1.4072779417037964,0.0168482568114995,0.8117710816670889,-0.05196554404490678,2.3979624e-10,-0.4076262817288247,False
0.7539209723472595,0.1392357498407364,0.9222412675472854,-0.10554785451177341,2.1001824e-11,-0.0862718151241252,False
0.0023278295993804,-0.003701927838847,0.3522432748917702,-0.29369350000181027,1.684385e-11,-3.71251413086538e-05,True
0.9061735272407532,0.008573587052524,0.1571548952391431,-0.012330479806845884,2.6868975e-06,-7.196765211310097e-05,True
0.0348195545375347,-0.0108674373477697,0.09823686825295884,-0.006055736236538418,2.2890825e-08,-1.6571699032382855e-05,True
0.0006814321386627,-0.0018487113993614,0.22468760109163968,-0.3652888271293446,1.6127925e-11,-2.972837531754276e-05,True
0.0166327394545078,0.0161013398319482,0.2856827108350167,0.146007341763435,1.25226e-11,-7.883766741639298e-05,True
0.1041088327765464,0.0439369343221187,0.2297985416828205,0.05243570878493015,2.151375e-06,-4.534070458297429e-05,True
0.0004707566695287,0.0035837467294186,0.06371951918109871,0.11156045993532615,1.4434225e-13,-0.0001185911713939,False
0.001185646164231,-0.0026131784543395,0.4672269849304342,-0.5645586261103542,2.737965e-11,-6.695764885150732e-05,True
0.0182642247527837,0.0169354509562253,0.3265664692117799,0.16079780875058833,2.6066625e-11,-9.439638542627132e-05,True
0.8570948839187622,0.0121376998722553,0.0,0.0,0.0,-0.0,True
0.8512335419654846,0.0355874560773372,0.4534712929691939,-0.08953495093888247,0.0002822405,-0.0006053325329411,False
0.9758697152137756,0.0064550647512078,0.029976947734664,-0.007791781833024562,7.485055e-09,-2.630293771228265e-05,True
0.4043185412883758,0.0759388208389282,0.08504005200191,0.0013447205807336773,1.7515324e-08,-1.831175166662447e-05,True
0.0008325701928697,0.0088043883442878,0.3754233532285042,0.22460687964897008,1.2133826e-13,-0.0029061999639946,False
0.99325293302536,0.0018798619275912,0.03773435856207264,-0.010113689664153847,1.3541666e-07,-5.0506247979101446e-05,True
-5.931591294938698e-05,0.0004383224295452,0.0021400245852923735,-0.02467773081770457,6.894565e-12,-2.186009524416911e-06,True
-1.1286888122558594,-1.0217034816741943,0.8121385318946774,-0.007587985704285962,3.093588e-09,-1.5216259717047529,False
-0.1043492779135704,-0.0602206327021122,0.7759372975661368,-0.008585173016401155,1.2791596e-11,-0.1201856195795866,False
0.7464361786842346,0.0531983003020286,0.2006104625924272,-0.029760929183991994,3.486105e-06,-6.142230269007585e-05,True
0.061529878526926,-0.0115904510021209,0.38206367599958335,0.001330359550849564,2.313905e-05,-9.754586299269054e-05,True
0.8991641402244568,0.0249653812497854,0.13782408766241758,-0.030542629608639755,1.8662975e-06,-6.186688077005606e-05,True
0.0013814604608342,0.0049371933564543,0.04255164513920719,0.061395621257809695,1.029185e-12,-1.4821048962170495e-05,True
0.0157902054488658,-0.0086945071816444,0.07305807159389349,-0.014150156414197033,4.7249876e-10,-2.056177070317897e-05,True
-0.1353501230478286,0.1597089767456054,0.8024773269820802,0.04647479715943139,6.799322e-11,-0.2061125771422892,False
0.1470658630132675,0.0526829399168491,0.18731080304398084,0.034040963775146996,8.38054e-07,-3.671768571184893e-05,True
0.4952503740787506,0.0152716748416423,0.034068603944032196,0.0014669068935504565,1.0281468e-09,-1.539097877689013e-05,True
1.002885341644287,-0.000564535788726,0.32550520822183615,-0.0352178274934172,0.00011848375,-0.0029400505201458,False
0.172200009226799,0.0569668151438236,0.18837874627255619,0.030054828618438906,8.77515e-07,-3.718741839042285e-05,True
-0.0109220203012228,0.0103050516918301,0.5324510769618209,0.03952295085325262,3.48937e-13,-0.0133249077159134,False
-2.1119749546051025,1.5564275979995728,0.8240373876840219,-0.00855032526343268,3.0801117e-09,-2.621726311086116,False
-0.0001520593068562,0.0007691062637604,0.015745936233024775,-0.32293376130115387,2.3112074e-12,-7.768204263058928e-05,True
0.0040849731303751,0.0080043775960803,0.23622964963710708,0.2141043201450323,2.1083625e-12,-6.344383403863683e-05,True
-0.0049320249818265,-0.0007267675246112,0.43355093213219575,-0.21305455260553485,1.04537e-13,-0.0049843275498155,False
-0.9677330255508424,-0.1189619600772857,0.8143072706668459,-0.0003940110326918684,3.1009852e-09,-0.9750108991967954,False
0.6418771147727966,0.0660687908530235,0.017163998149092797,-0.001695305809978079,6.032285e-12,-4.384425278569256e-06,True
0.0001003942961688,0.0024388141464442,-0.00424043928988166,-0.030849891090444878,2.57507e-14,-5.512824860636121e-05,True
0.0347965881228446,-0.0109060844406485,0.31414054273822545,-0.019425663776529614,7.115115e-06,-5.659510071954105e-05,True
0.563125491142273,0.0724281668663024,0.2856790659775813,-0.017332062525439586,9.4708375e-06,-7.556202969801623e-05,True
-9.524329652776942e-05,0.0133310966193676,0.48706290657017876,0.201099225824991,2.318145e-13,-0.0068210596665295,False
0.7593501806259155,0.0079279690980911,0.6428313563586106,-0.021602741982510373,0.00134799,-0.0089735712302732,False
0.0003849767381325,0.0031183848623186,0.005649571548223421,0.013558699566381031,1.10309426e-13,-9.34417118873345e-06,True
0.0002822829701472,0.0028873921837657,0.006147088513394596,0.014618022707121639,2.6971924e-14,-2.188890721013835e-05,True
-0.0039362981915473,0.0044312491081655,0.3451424851313509,-0.01899896517637599,1.0353883e-13,-0.004514076195537,False
0.8265116810798645,0.0397980511188507,0.18918128313220972,-0.03526903774038473,4.079055e-06,-6.82902834775743e-05,True
-9.555150609230624e-05,0.0002075275406241,0.059009695150684854,-0.399212730233191,5.8158075e-12,-6.303565933214015e-05,True
0.683028519153595,0.018285421654582,0.325285301823233,-0.003322330075713652,8.0227976e-05,-0.0002985019817171,False
1.008716344833374,0.0711144804954528,0.8131427630152818,-0.11902470029977497,3.2824347e-11,-0.0709270703783548,False
0.2294319868087768,0.0648877769708633,0.38304110526851265,0.04465077928388417,2.072655e-05,-9.633320114472016e-05,True
1.0164889097213743,-0.0826823413372039,0.7736653364313973,-0.059919453996468336,3.9324773e-11,-0.0843104602810443,False
0.613279402256012,0.0828839614987373,0.9807327247182788,-0.0777002203413516,9.469465e-12,-0.0141392978938881,False
0.5963864922523499,0.0701543539762497,0.3156088128084567,-0.024257935577533616,1.544595e-05,-9.162028006380648e-05,True
0.9128167629241944,0.0218329951167106,0.009252774337909825,-0.0021140100228233686,1.6675305e-12,-4.42697007293046e-06,True
1.2995233535766602,0.2687151432037353,0.8271068436256291,-0.05812577105440356,2.9378469e-09,-0.4023954119082534,False
0.000601343344897,0.0037841796875,0.07237909297139544,0.12932373582432935,2.6020074e-13,-8.983642126432347e-05,True
0.8743544816970825,0.0109709473326802,0.04692553480932402,-0.003236153496415757,5.5547975e-09,-2.1220416496941448e-05,True
0.4986834824085235,0.0752797648310661,0.15050576163269008,-0.004431666978220981,4.2417275e-07,-3.443572915794746e-05,True
-0.5107287764549255,0.5658429265022278,0.8274828228196165,0.009341309382958926,3.10855e-09,-0.7591520837104373,False
0.0358078628778457,-0.0109169576317071,0.041715332600652195,-0.0024150412283189,2.143992e-10,-7.086196981260669e-06,True
0.0288160815834999,0.0215693246573209,0.0841042348553683,0.03448235601057524,5.29899e-12,-2.504657433564046e-05,True
0.1562128365039825,-0.0072758630849421,0.08178817094566045,0.005498795945645262,3.7167077e-08,-2.35838814437063e-05,True
0.8002594709396362,-0.022764254361391,0.7389954525057703,-0.03320793160828387,2.1499774e-11,-0.0379911193862782,False
0.0001006691600196,0.0023311206605285,-0.0061939492304891935,-0.027621701607525497,6.871115e-14,-2.5859689980496225e-05,True
0.0457107685506343,0.0278353132307529,0.08004975619184129,0.027102975216937664,1.0908252e-08,-2.462349175262804e-05,True
-0.0345539189875125,0.2069797962903976,0.8247541124501211,0.06884967546067901,4.4528634e-11,-0.1957755858988726,False
-0.0336460471153259,0.0586140006780624,0.7324043353100692,0.09025377757276941,2.866525e-12,-0.0630985229327856,False
0.8477960228919983,0.0357123762369155,0.16403923878561807,-0.032260147179829224,2.4911776e-06,-6.163427485154803e-05,True
-0.00112184160389,0.0010327036725357,0.14527101738395315,-0.2510492754837437,3.4183224e-14,-0.0010487816026269,False
0.0086206384003162,-0.0127397431060671,0.8962728732724622,-0.25214030280940997,2.8715924e-13,-0.0056198186169117,False
0.8825368285179138,0.0095724957063794,0.43635200507130883,-0.031048535820674763,0.00031715524,-0.0008430483030453,False
0.5394711494445801,0.0169299021363258,0.07386437237632532,0.0023743529557959226,7.4241576e-08,-3.43581415135598e-05,True
0.8180187344551086,0.0579191297292709,0.9114500596335127,-0.15257707579551505,1.2868687e-09,-0.016355787651635,False
-9.924575715558603e-05,0.0010379484156146,-0.0037993993906721736,-0.16490896494723598,2.7376526e-12,-2.680258132818153e-05,True
0.0035183760337531,0.0073862979188561,0.0,0.0,0.0,-0.0,True
0.9415505528450012,0.0056846169754862,0.0,0.0,0.0,-0.0,True
1.008318543434143,-0.0533001497387886,0.7702148713925419,-0.06526183817498782,2.2051324e-11,-0.0539453809611445,False
-0.0854168534278869,1.1004747152328491,0.8415691519483477,-0.002294608334919049,3.113665e-09,-1.072911407421384,False
-1.1072616577148438,-0.9210476279258728,0.8121026664975128,-0.006992103756552876,3.0947305e-09,-1.4395728565356527,False
0.6201708316802979,0.0728736519813537,0.8517023415997809,-0.07302945703312055,0.00113017,-0.0047589848676756,False
0.9672813415527344,0.0086596366018056,0.0201583408686711,-0.005154010656542581,5.223715e-10,-1.5552825227265756e-05,True
0.9231215715408324,0.0195112526416778,0.12227731275741655,-0.02853886923352269,1.53622e-06,-6.201219281438783e-05,True
0.0866044610738754,-0.0110023943707346,0.0398954552831516,0.0013247197900426043,3.925445e-10,-9.172381823632466e-06,True
0.0112953139469027,0.0131238168105483,0.16295058061728482,0.09727674962694277,1.0295108e-12,-3.8727891524713154e-05,True
0.7807828783988953,0.0478279255330562,0.20701356589208508,-0.034080388983073355,4.69405e-06,-6.81868404032768e-05,True
-0.0348403751850128,-0.0051622604951262,0.6886028685562596,-0.033459611444103934,1.39908e-12,-0.0352191697486177,False
0.7250750064849854,0.0588769391179084,0.7043061050414381,-0.09590500753112594,0.001210675,-0.0026531158429944,False
0.0001227573666255,-0.0005522712599486,0.02933586590987439,-0.09889694950460677,1.0854475e-11,-6.865138081662743e-06,True
-0.0001135022830567,0.0007193201454356,0.01086708169605325,-0.25975501746822227,3.7515577e-12,-4.03224041387535e-05,True
0.0388968549668788,-0.0110973166301846,0.14786032410606895,-0.006988309459962615,2.12974e-07,-2.5586264695581028e-05,True
0.7807729244232178,0.0477700419723987,0.030088968783083918,-0.004955147234866571,1.9462235e-10,-9.454704290342056e-06,True
-6.337171362247318e-05,0.0017134723020717,-0.01646082642088146,-0.13841771344339815,5.5114073e-13,-5.621096577012421e-05,True
0.7382892370223999,0.0175278987735509,0.04560804034167088,-0.0012418217600078613,5.6411973e-09,-2.172073092805726e-05,True
0.4684312343597412,0.0759744793176651,0.21653109052457833,-0.0033175011255927238,2.3814175e-06,-4.972330664182798e-05,True
0.4580229818820953,0.0812144726514816,0.9533975089051764,-0.007996120802530543,0.00048366227,-0.0051550967728987,False
0.008313875645399,0.0327511243522167,0.6785631087504207,0.21363359895677378,8.49118e-13,-0.0186908029032737,False
0.8248564004898071,0.1160487309098243,0.8995605346792027,-0.12595995521490774,1.9692649e-11,-0.0747768528027784,False
-0.0001131088574766,0.0007051438442431,0.011666435380213183,-0.26188847402041604,3.836215e-12,-4.035731599844559e-05,True
0.5817543268203735,0.0964614525437355,0.981530365319444,-0.06179813015411697,9.440725e-12,-0.0252644623004621,False
0.6775141954421997,0.074538916349411,0.9662225472679086,-0.10509502957352278,1.9584793e-07,-0.0122169422510636,False
0.9206339120864868,0.0071922489441931,0.3420880946004766,-0.028271944174002774,7.604397e-05,-0.0002866017110685,False
-0.0006023711175657,-0.0074958493933081,0.6919312308710289,-0.36032331634983666,1.2781724e-13,-0.0048289485810096,False
0.910736620426178,0.0226965956389904,0.3491226694508194,-0.07903782227252341,0.00014580575,-0.0003841033038718,False
0.7714214324951172,0.0493563078343868,0.2276526440172472,-0.03646503696019085,6.799065e-06,-7.53969575987914e-05,True
0.9640012383461,-0.0015845808666199,0.5998840011971657,-0.05564743566176627,0.0017566175,-0.0051773499896959,False
0.9611787796020508,0.0038130171597003,0.1624396906701831,-0.01535181779853381,2.758985e-06,-7.098098693028366e-05,True
0.0056996154598891,0.0095192696899175,0.4390516051794202,0.34350290676165524,3.383065e-12,-0.0001841253581785,False
0.9789316654205322,-0.0684749782085418,0.7657316967469866,-0.059376246313439324,2.7748623e-11,-0.0702810863099696,False
-6.360343104461208e-05,0.0003706652496475,0.013334735226499826,-0.13084703838202544,6.1670226e-12,-1.2665424703452238e-05,True
-0.0001097404383472,0.0007733470411039,0.0069149204984911145,-0.23340167765012057,3.536765e-12,-3.5290697507988545e-05,True
0.007311369292438,-0.0064513320103287,0.4056647353701072,-0.15658113150128058,1.40496e-10,-6.491531402727518e-05,True
0.0392169542610645,0.0341497734189033,0.7893898588839986,0.25962987736293985,1.3695575e-12,-0.0081129851186655,False
0.9533369541168212,0.0045844479463994,0.07588988040080699,-0.00700267603003003,6.197077e-08,-3.2316139555056686e-05,True
-0.0003030915686395,0.0016606580466032,0.01925262295483101,-0.17645988507570115,3.4424676e-14,-0.000285325254499,False
-0.2646106481552124,1.020399808883667,0.8380494346182193,0.0007462709767316432,3.1111727e-09,-1.0398871383906736,False
-0.0001557639188831,0.0006193729932419,0.028300617052494672,-0.3555473381569701,2.379225e-12,-8.639225213272764e-05,True
0.9623870849609376,0.0037634165491908,0.015345505877417662,-0.0014561029286356596,9.78711e-12,-6.423136308586121e-06,True
2.2327763872453943e-05,-0.0005116227548569,0.16228600404146654,-0.5396053489303425,7.406202e-12,-9.213086463382064e-05,True
1.0685137510299685,-0.1473717987537384,0.7831304237149199,-0.05242988187284342,1.3516145e-10,-0.1625194792882036,False
0.0090252896770834,-0.0070742000825703,0.46040016695390984,-0.1505667522471093,7.367095e-10,-8.459250177930582e-05,True
-0.173751875758171,0.1948228478431701,0.8098222978916225,0.03893693796450216,2.3119802e-10,-0.2579851741968702,False
-2.108844995498657,-1.0505903959274292,0.8158884584204263,-0.009074583818635976,3.0795462e-09,-2.355842049451061,False
0.3941817581653595,1.234960436820984,0.8460519378091098,-0.013228247071666865,3.1205352e-09,-1.159072695043331,False
0.5084044337272644,0.0749811232089996,0.19003399752922406,-0.006444205142004496,1.3686225e-06,-4.417727885627766e-05,True
-2.0092516933800653e-05,-3.671410013339482e-05,0.05127002262946188,-0.27302898077174903,7.987835e-12,-2.627103143254036e-05,True
0.5222340822219849,0.0163346361368894,0.07460203077362852,0.002751314560357418,7.67391e-08,-3.4391772343904086e-05,True
-0.0016761807492002,0.0017280714819207,0.1888126058026179,-0.16619359252044152,4.4509427e-14,-0.0016551847903999,False
0.0049709761515259,0.0087657030671834,0.22689205946667523,0.18965882020387245,1.9415676e-12,-5.664737556850118e-05,True
1.012053370475769,0.4698147475719452,0.8542695361867886,-0.0558606598217378,3.12848e-09,-0.4588377019410462,False
0.8865590691566467,0.0277091860771179,0.11777719438459656,-0.025377477837869603,7.494985e-07,-4.965866337825225e-05,True
0.0668976977467536,0.1563652455806732,0.8536371291226953,0.11063382782952166,8.110466e-12,-0.1180024846729136,False
-7.110372825991362e-05,0.000344631698681,0.023377878674991297,-0.2134781579366783,6.0678324e-12,-2.275797950448714e-05,True
0.6173561215400696,0.0185784138739109,0.046218733775069,0.00044538573562687524,6.2201475e-09,-2.201762272361569e-05,True
0.7226839661598206,0.0179249513894319,0.025386662878606837,-0.0005689282269982221,2.2678012e-10,-1.2102881798849189e-05,True
0.9799708127975464,-1.52267324924469,0.8060952853696177,-0.019975087156438472,3.1232652e-09,-1.5228049751381076,False
0.0353548191487789,0.0241243652999401,0.04037554375501912,0.015234726510430743,2.4096526e-12,-1.271558863119406e-05,True
1.0153648853302002,-0.0164246689528226,0.7442476920701973,-0.07348883056523016,0.00086037803,-0.0224910971590987,False
1.0125858783721924,-0.0005084957228973,0.2917647629422388,-0.0388041242193657,0.00074168,-0.0125961463273425,False
0.0984131097793579,0.0433100573718547,0.7616111854162548,0.17972372855405372,0.00015787676,-0.0007207160853164,False
0.000238865497522,0.0027114008553326,0.0003478053693755628,0.0009130507838229466,2.6993902e-15,-4.357974242211039e-06,True
1.0062578916549685,-0.0001480785140302,0.23481952719249538,-0.03425072532055489,0.00044813548,-0.0062596433773529,False
-0.0746353715658187,-0.7088169455528259,0.8031485396283359,-0.006811584902349288,3.113155e-09,-0.7057956344740852,False
0.2224857956171035,-0.0024525914341211,0.055815524337162636,0.0042360654609591665,6.877945e-09,-1.853257593666342e-05,True
0.9063578248023988,0.0078505845740437,0.4340387355523015,-0.03396205261167035,0.0002887085,-0.0007782565022893,False
0.9857915043830872,0.0038258282002061,0.003998402531883208,-0.0010603704297770468,4.3254026e-13,-4.4699128789265775e-06,True
1.010922074317932,-0.0168541483581066,0.751556238704435,-0.07399795397142817,0.000609954,-0.0200836755670743,False
0.0025789409410208,0.0075355893932282,0.3362648273711687,0.3006460655598563,9.704585e-14,-0.0007685720365974,False
0.0105756996199488,0.012666436843574,0.08662781264839886,0.05310946068186584,6.847385e-13,-1.952150734719615e-05,True
0.0373808071017265,0.0250300113111734,0.41524159828164897,0.1533056196193248,1.789545e-07,-0.000153583259001,False
0.0003389852936379,0.0029952002223581,0.0030210012068608953,0.0076228368591213765,6.567387e-14,-6.759087584563435e-06,True
0.8942537903785706,0.0260116644203662,0.059759199334653144,-0.013104215975006776,2.4585875e-08,-2.6017634237518792e-05,True
0.8374471068382263,0.0377164147794246,0.15278076014862563,-0.029286915474516825,1.65149e-06,-5.532547195942935e-05,True
1.698441505432129,-0.0142876300960779,0.8150556813935836,-0.041758402666013966,6.678542e-09,-0.6985876272051066,False
0.0866053998470306,-0.0110002541914582,0.030734288362118434,0.0010206858051974841,9.3827175e-11,-7.063570841918918e-06,True
0.201402485370636,0.0614884048700332,0.550759827635178,0.07523435279104837,9.96458e-05,-0.0002392868652218,False
0.9832896590232848,0.0045243222266435,0.03947034341093486,-0.01040024835572584,5.5257676e-08,-3.970503611425911e-05,True
-5.083438736619428e-05,0.000303547916701,0.009048504377704622,-0.07918179171131719,6.858875e-12,-7.024679319962432e-06,True
0.8276423215866089,0.0138502167537808,0.07159362619406441,-0.003921064731866185,5.898775e-08,-3.32248319844871e-05,True
-8.540800627088174e-05,0.0003152949793729,0.03767093804269649,-0.3142650753672686,6.1596826e-12,-4.00993383823458e-05,True
1.157054424285889,0.6459304690361023,0.8449271834026411,-0.044407222620335154,3.134425e-09,-0.6645560239377393,False
0.9476778507232666,0.0050096418708562,0.24199520662368765,-0.02192401186639226,1.568205e-05,-0.0001244106613447,False
0.2459844201803207,-0.0008468590676784,0.3548815441987684,0.02703396834606551,5.87448e-05,-0.0002034711523469,False
0.0430933684110641,0.027153680101037,0.5513709487318484,0.19123862291162733,4.4679723e-06,-0.0002295657887625,False
1.0506616830825806,-0.3048648536205292,0.7862644179321836,-0.03902076239580173,1.464117e-09,-0.309045603602165,False
0.7141034007072449,0.1101147606968879,0.9425722823220066,-0.10535794285995877,1.16207e-11,-0.051979668272608,False
0.9243621230125428,0.0071692555211484,0.0,0.0,0.0,-0.0,True
0.5402531027793884,0.1542718112468719,0.9645502137793933,-0.037620639010087824,1.4839999e-11,-0.0805643733409381,False
0.1037796437740325,-0.010353266261518,0.186209084136504,0.008545477603043583,1.6362175e-06,-4.641847532580353e-05,True
1.0574525594711304,-0.0018406057497486,0.4766477264484925,-0.05456193636987703,0.00274784,-0.0574820356225297,False
0.9944350123405457,0.0005654589040204,0.04244673399269129,-0.00441318123327056,2.3445526e-09,-1.7300937434784485e-05,True
-3.743245542864315e-05,0.0001757478748913,0.01570710003405998,-0.1114417590781796,7.217015e-12,-9.676771076305184e-06,True
0.9917349815368652,0.0089653646573424,0.4827188439834083,-0.10420823089967743,0.0019330125,-0.0065006841423206,False
0.8948621153831482,0.009087698534131,0.3776114826422291,-0.02831039741994636,0.0001340835,-0.0004256392113392,False
1.0292800664901731,-0.0019669260364025,0.36982606716019173,-0.043534480946665705,0.0011673375,-0.0293460575154764,False
0.9310733079910278,0.0191071052104234,0.44425162608632246,-0.10324636274209234,0.000733119,-0.0014913504712725,False
-0.0007437618332915,0.0010200544493272,0.0975060111596301,-0.2673958536053217,2.9385125e-14,-0.0006705010722585,False
-0.0045073344372212,-0.0022219005040824,0.47255151416733004,-0.26139277340920014,1.0416175e-13,-0.0049245279816033,False
-0.0526895932853221,0.0178675726056098,0.712355189510353,0.024595242834131312,2.63076e-12,-0.0550535068338004,False
0.0170926749706268,-0.0092992400750517,0.9691554425509358,-0.1760321561958458,2.7994275e-08,-0.0003788372244782,False
-0.1400737315416336,-0.079467199742794,0.7845780395930171,-0.0028761804751645127,3.645081e-11,-0.1607613227073019,False
0.5133934617042542,0.0159770734608173,0.12012611789903711,0.0046921586213769,8.6914747e-07,-5.544258721046909e-05,True
-0.0001443078945158,0.0008588838391005,0.008625147868828774,-0.2987835434103614,2.360405e-12,-6.905294675907571e-05,True
0.932651937007904,0.0178254954516887,0.3610407457883733,-0.08523729953678966,0.000264456,-0.000609779725261,False
0.9490193128585817,0.2770432233810425,0.86058242926492,-0.08092952272074126,2.507565e-10,-0.2569619747310351,False
-0.5054128170013428,-0.0845328569412231,0.8075564115192755,0.005290651987967208,3.10881e-09,-0.5124331628744602,False
0.0117219015955924,-0.0079997358843684,0.8803740051392005,-0.23210136261051298,7.693635e-09,-0.0002277456210057,False
0.9357795715332032,0.0514249615371227,0.8393146861292983,-0.15773363542235747,9.5049e-12,-0.0340244466358241,False
0.9612444639205932,0.0102098528295755,0.04309685506392072,-0.010883374208789535,2.2935074e-08,-3.03475111881441e-05,True
-0.0073714721947908,-0.002378491917625,0.5212413422182647,-0.18656773810814842,1.719145e-13,-0.0077168468536944,False
4.445865488378331e-05,0.0023131058551371,-0.006700074133970332,-0.05484465581161706,5.363835e-14,-7.550790787533445e-05,True
0.000482640141854,0.0033876243978738,0.021981231268318295,0.047014530078371974,2.107095e-13,-2.5471654829532857e-05,True
0.9976603984832764,0.0001604476274223,0.1929525563730053,-0.02028922648422422,5.6759777e-06,-8.51725531308061e-05,True
0.037310604006052,0.0251518338918685,0.649054926130525,0.23996701355422856,2.1843324e-07,-0.0002922096410143,False
0.9988945722579956,0.0003811297065112,0.04730350652537612,-0.012776896356753591,8.98806e-07,-7.72771802117018e-05,True
0.0017662851605564,-0.0031482193153351,0.023156386763403775,-0.022809736522246646,1.0164335e-11,-2.047039734050809e-06,True
0.0002317097532795,-0.0010138095822185,0.21107260062740635,-0.5201022999706492,1.6042225e-11,-5.52782276918959e-05,True
1.3249183893203735,-0.0250414125621318,0.6261876251598483,-0.04220277639482437,0.0036763537,-0.3258819296334989,False
0.4266575872898102,0.0117902057245373,0.1419891877491093,0.008050487739027624,1.660835e-06,-6.193063575146937e-05,True
0.01416552439332,0.0148319266736507,0.36907036671858323,0.20115931737457615,1.2002925e-11,-0.0001047595591522,False
0.0384833626449108,-0.0118141500279307,0.9282109122511994,-0.04985909831621437,3.5039426e-05,-0.0007617448151357,False
0.3493716418743133,0.0069556077942252,0.04408418619554957,0.0030337485854612036,3.0474026e-09,-1.7530016022746874e-05,True
0.0047206589952111,-0.0061026141047477,0.889374373099708,-0.44764131920220485,9.985405e-14,-0.0007833613163773,False
0.5631375312805176,0.0726311579346656,0.5046748576980835,-0.030575557250711254,0.00011865125,-0.0002789098566792,False
0.0023310398682951,-0.0036987941712141,0.3159799807906294,-0.26332637027868555,1.3313875e-11,-3.266052532556014e-05,True
-0.4988406598567962,0.1441592127084732,0.8129610790216513,0.011398715255791357,3.1089324e-09,-0.5187330276925844,False
1.4988489151000977,1.515923023223877,0.8343123865887423,-0.026570976685475024,3.1362175e-09,-1.5958924940097825,False
0.0080280201509594,0.0110321110114455,0.13738366738897212,0.09426913476648967,9.33111e-13,-3.077171605819268e-05,True
0.9574369192123412,0.0039275214076042,0.35758542093960394,-0.03336623991622854,8.57422e-05,-0.0003072095613207,False
-6.177019531605765e-05,0.0016492212889716,-0.015869891516650206,-0.13378303422377769,7.319425e-13,-4.487742306166897e-05,True
1.0704401731491089,-0.0065426197834312,0.46879366615142154,-0.04643809587496176,0.0016695649,-0.0707433662395774,False
0.7013219594955444,0.0594424158334732,0.28593176394357833,-0.03630599968075909,1.3659975e-05,-9.144872194146184e-05,True
1.0168633460998535,-0.0098424786701798,0.6629776983566043,-0.06759807515564818,0.001998615,-0.019525542964445,False
0.0044605531729757,0.0082597117871046,0.019753195525485538,0.01732767654699231,1.37161e-12,-4.065266338661894e-06,True
0.5043982267379761,0.015662420541048,0.020912047330271927,0.00085908135547777,7.14843e-11,-9.498683023482883e-06,True
-0.0001010931737255,0.000774213578552,0.005092120977289307,-0.19382136889035936,3.703865e-12,-2.66286234181228e-05,True
-0.2733817994594574,0.2955890893936157,0.820298249936282,0.02575927908413383,2.613933e-09,-0.3996679599883284,False
-5.445560600492172e-05,0.0013542774831876,-0.0012782229755143582,-0.013671003455737933,2.111695e-12,-2.181689499395312e-06,True
0.9670935273170472,0.0033181002363562,0.004827743187135753,-0.0004645380521050838,2.4216374e-13,-1.983726718654627e-06,True
0.0025011689867824,0.0063644708134233,0.09352916795947736,0.10465024033096473,1.2937675e-12,-2.456851412024217e-05,True
0.0001452069700462,0.0024111208040267,-0.0011409831584988368,-0.004145138417470454,4.5321924e-14,-4.379714034120851e-06,True
0.0226943548768758,0.0189314689487218,0.05780628472076006,0.026077173830030533,3.6950724e-13,-1.5736084507401656e-05,True
0.0188681725412607,0.0171779040247201,0.17524583895177984,0.08513925287177711,4.2784873e-12,-4.72254595148133e-05,True
1.5265092849731443,-0.0043071289546787,0.8131853106510778,-0.04671690559962607,1.1767e-16,-0.5265269019933969,False
1.0469310283660889,-0.1389210671186447,0.7803803301818034,-0.05289271801951666,9.5661395e-11,-0.1466341853487161,False
0.0470171794295311,0.0282794069498777,0.09678712377811927,0.03235412618394386,3.920765e-08,-2.818681734021137e-05,True
0.0497096106410026,-0.0114405360072851,0.1356866825146688,-0.0024846166969509772,1.6750126e-07,-2.540924707143329e-05,True
0.8743703365325928,0.0109029477462172,0.18214500977830203,-0.012558745078500876,5.4587877e-06,-8.795958684472812e-05,True
0.0083283418789505,0.011209562420845,0.040050543967028326,0.027072450750868574,8.8262974e-13,-8.475335273711364e-06,True
1.4850999116897583,-0.0111274970695376,0.8103282284027072,-0.04798943953586094,0.00021889003,-0.4852275193272161,False
0.8478367328643799,0.0359041541814804,0.3657754155969719,-0.07182951164766437,8.7385226e-05,-0.000257665941818,False
0.8109408020973206,0.0425938814878463,0.055490220811052225,-0.0099351830142451,6.91092e-09,-1.8602868181946137e-05,True
0.0693637132644653,0.0351252518594265,0.14394380329647224,0.04054533336388534,2.13491e-07,-2.8011579187507816e-05,True
0.9244475960731506,0.0068511464633047,0.35113706066012307,-0.02940895745097916,8.58828e-05,-0.0003098235657288,False
-0.0042985430918633,0.0044748745858669,0.3591059339664095,-0.021570132657988232,1.10722e-13,-0.0048695426532528,False
0.3672819137573242,0.0081828385591506,0.005068119591077127,0.00033653940663130297,2.9003975e-13,-2.0271863154899957e-06,True
0.0102565959095954,0.0193607322871685,0.620689479213779,0.28671602791795564,4.26931e-13,-0.0059592401985886,False
-0.0620928965508937,-0.0083487350493669,0.7329079331123951,-0.007692709748120184,3.5287899e-12,-0.0626478937348603,False
-0.0772203877568245,0.1098697260022163,0.7828764986469197,0.06443051666121437,9.424564e-12,-0.1303520069093066,False
0.0157998669892549,-0.008680984377861,0.019087747585749708,-0.0036892882475484147,5.3758126e-13,-5.43161276868789e-06,True
-0.0002641306782606,0.0006813619402237,0.0426862618738217,-0.3475608480397459,4.05964e-14,-0.000192089424561,False
0.0386167801916599,-0.0115828532725572,0.8164073403249312,-0.04175348210847616,0.0001009776,-0.0005242126043452,False
0.0013262493303045,0.0049869972281157,0.1527447975552629,0.21506529895740314,9.614998e-13,-8.860002589574551e-05,True
0.0263763424009084,0.0205286368727684,0.013150129515149158,0.005584966450180764,3.2679824e-13,-3.689987148066472e-06,True
0.0791182294487953,-0.0450887903571128,0.8709101085091069,-0.0020821809407829007,4.4440575e-12,-0.0338617216903671,False
0.0027434669900685,0.0065944027155637,0.0,0.0,0.0,-0.0,True
2.616486199258361e-05,0.0019201266113668,-0.0027236695316623055,-0.013978550694365998,5.0550075e-13,-4.431332597074712e-06,True
0.1912465691566467,-0.0048723183572292,0.27061001038711474,0.019854218824070336,1.4455375e-05,-9.821612905850474e-05,True
0.0009304301347583,0.0062194853089749,0.25984067161795443,0.222846340610518,7.20002e-14,-0.0011378502339913,False
0.0540653839707374,0.0306267831474542,0.3248867974102948,0.10219894735059325,1.0449287e-05,-8.242944262272584e-05,True
0.1432466655969619,0.0519464015960693,0.009266126665648213,0.001717609907577836,7.639633e-13,-1.7601855712416445e-06,True
0.6829977035522461,0.0185353569686412,0.10166582134323057,-0.0010377329006190986,4.11221e-07,-4.892500381807552e-05,True
0.9383676648139954,0.0058869631029665,0.17384870920897288,-0.01528444844061214,3.959425e-06,-7.876987168562793e-05,True
-0.3231975436210632,0.2024126797914505,0.8126427857713417,0.021837334726673235,2.330438e-09,-0.3799276424358767,False
-0.0105086369439959,-0.0057856943458318,0.6033879241450738,-0.1624534828107187,2.95681e-13,-0.0118053324734252,False
0.337967574596405,0.0737739652395248,0.19583082739260044,0.009911284898993589,1.2399657e-06,-4.136297821980091e-05,True
0.9965137243270874,-0.100815400481224,0.7715634686436439,-0.055629697355580605,5.106752e-11,-0.1008756615455736,False
0.0800701677799224,-0.0112589327618479,0.2815877135063327,0.007581370288040691,8.225245e-06,-6.81651812326424e-05,True
0.3160882890224457,0.0044156876392662,0.3291117946541751,0.023846497995462058,5.225355e-05,-0.0002002178927558,False
0.9170496463775636,0.0208726841956377,0.03150432524297288,-0.007262834047235361,1.1284588e-09,-1.5449654390810922e-05,True
2.7148995399475098,-0.081459566950798,0.7411502679225356,-0.026958427460764142,0.0043997103,-1.7168331582189318,False
1.263407826423645,0.0148894116282463,0.8071743332638462,-0.06090630886672563,3.1710223e-10,-0.2638283108384399,False
0.0800897106528282,-0.0112157566472888,0.11439670817859598,0.003093894467721179,1.101127e-07,-2.5513065795409558e-05,True
0.2569612860679626,0.1883240640163421,0.9316279903959465,0.06313075806984193,1.3879723e-11,-0.1200388563443426,False
-8.453537157038227e-05,0.0011285475920885,-0.004586433456700418,-0.10304601707839262,2.56743e-12,-1.590397482090367e-05,True
0.0012381077976897,0.0047582508996129,0.07830800031870634,0.11709797034169787,9.075255e-13,-3.323834591785808e-05,True
-8.766476821620017e-05,0.000891999923624,-7.489902590699059e-05,-0.09827665551672378,3.3391525e-12,-1.250557410516121e-05,True
-7.221709893201478e-06,-3.044637014681939e-05,0.027564647439136534,-0.14970741635908727,7.976898e-12,-1.247704864437217e-05,True
0.3605988919734955,0.1463958621025085,0.9670554457899989,0.03280323336761039,1.03426495e-11,-0.0716091149302546,False
0.03676338493824,-0.0110621331259608,0.4388924464047406,-0.024020667508013162,2.7780476e-05,-9.858320233113012e-05,True
1.005644917488098,-0.0121270874515175,0.7022121587438441,-0.0703777625012353,0.0014757125,-0.0133765221004636,False
0.109473168849945,-0.0244398284703493,0.8697571915041873,0.02964307879358038,5.1763823e-12,-0.0143875878548865,False
-7.715349784120917e-05,0.0008151205256581,0.00019023745347126868,-0.020096558105235928,4.453715e-12,-2.1642185857963117e-06,True
0.906864583492279,0.0357992202043533,0.8055219978931267,-0.16371369226901197,0.0010377712,-0.0123121101537253,False
0.9017174243927002,0.0089714312925934,0.04750026807926438,-0.0036648859270183394,5.610915e-09,-2.1093284782169143e-05,True
0.4570584595203399,0.0134746013209223,0.03508995374505821,0.0017875442731720538,1.1196607e-09,-1.5415248111160317e-05,True
0.7279802560806274,0.0177653264254331,0.10145928914151045,-0.0024393470816221844,4.0003826e-07,-4.864987726611011e-05,True
1.072736382484436,-0.0015353574417531,0.5278701229407984,-0.0584031908734325,0.0032797775,-0.0727525852420113,False
1.069347262382507,-0.0657158344984054,0.7828977846143425,-0.06390340466862014,1.263055e-10,-0.0955385456439971,False
0.0881957560777664,-0.2289916574954986,0.8091231170393125,-0.0014088710435588895,2.7430053e-10,-0.217943294510549,False
0.9083207249641418,0.0084723699837923,0.009541696112052443,-0.0007549508159292808,1.119576e-12,-4.1809458089233305e-06,True
-1.4547072649002075,-0.9352735877037048,0.813875233565502,-0.007565562541343315,3.0889784e-09,-1.729027924066448,False
0.0051711625419557,-0.0055946242064237,0.7800572014206295,-0.3887501669648444,1.0688825e-10,-0.0001280836489609,False
1.2831214666366575,0.592840850353241,0.8389842190551544,-0.04575731912279556,3.1365275e-09,-0.6569764369580129,False
-0.0607598833739757,0.000866133661475,0.7264656475953066,0.0018287239939725722,4.300032e-12,-0.0606845834554405,False
0.1721974015235901,0.0569760166108608,0.23230054191983343,0.03706315806534175,2.381105e-06,-4.6686849709221895e-05,True
0.9599775075912476,0.0105626415461301,0.09118078874374716,-0.022950986897393597,9.736882e-07,-6.234767140540789e-05,True
0.6346411108970642,0.0667762607336044,0.03714431689090356,-0.0035401346065290135,3.1203207e-10,-9.452461487683747e-06,True
0.0050385440699756,0.2348845452070236,0.8400430744391908,0.06960659328467092,6.079627e-11,-0.2097841394071644,False
-0.0075432956218719,0.1255900412797927,0.8023612990203862,0.10292513659649968,6.1382917e-12,-0.110113790828982,False
-0.2565217316150665,0.0893648564815521,0.8001033098391492,0.022344595124740754,3.9989329e-10,-0.2709929610187956,False
-0.6248494982719421,0.0547639615833759,0.8127102642319959,0.006332721831551554,3.10717e-09,-0.6270757099541513,False
0.988032341003418,0.0009367355960421,0.36509321978031084,-0.03724175607967688,8.563142e-05,-0.0003044075141774,False
-0.4389967918395996,-0.7370286583900452,0.8067648942786018,-0.005773410682391911,3.1069425e-09,-0.855789321137328,False
0.9447041153907776,0.0052117477171123,0.2989366274226487,-0.02681618811429972,3.77144e-05,-0.0001903521722208,False
1.4182429313659668,-0.0080968011170625,0.8097900287537945,-0.050814621991956875,0.00015958514,-0.4183212973611624,False
0.2178156077861786,0.0634559318423271,0.3017498498865465,0.037613713780960546,7.799015e-06,-6.546959406891222e-05,True
-0.0001334765111096,0.0014050982426851,-0.010705803072289211,-0.2121332055430117,7.042912e-13,-8.57789066371805e-05,True
0.6346448659896851,0.0668160170316696,0.1900646143316815,-0.018110743307197356,1.8373424e-06,-4.9385704064742375e-05,True
-0.0001105277988244,0.0014715021243318,-0.013820930049524137,-0.19140549906445015,7.953175e-13,-7.010871382341309e-05,True
-0.0750121623277664,-0.2272117137908935,0.8013158324126626,-0.007516552816304799,6.087645e-10,-0.2356745027839081,False
0.9765777587890624,0.0023856363259255,0.021467680575288747,-0.002123783100560183,5.674695e-11,-8.858060361725327e-06,True
0.0141631318256258,-0.0162518247961998,0.9146630257618766,-0.1810591435707643,4.7850477e-13,-0.0077497550968858,False
1.0908561944961548,0.3113232553005218,0.8425324391704276,-0.06925171538532959,9.2022534e-10,-0.3243100636262109,False
0.8891777992248535,0.0271623190492391,0.15767240181744258,-0.03416889827112991,3.0704e-06,-6.856699187566027e-05,True
-1.4505315448332112e-05,0.0021088060457259,-0.010950706875146357,-0.08938162393609952,1.209775e-13,-8.369210058761175e-05,True
0.6861344575881958,0.5195174217224121,0.8794780505834773,-0.03555185437832303,2.9560254e-09,-0.4556076911661353,False
0.9911521673202516,0.0024191245902329,0.020504479614834793,-0.0054853403469462035,4.56966e-09,-2.6424197782061595e-05,True
-0.0091390693560242,0.0124596236273646,0.5296384862732118,0.0729400948484241,3.4657674e-13,-0.0129472515470924,False
1.1533684730529783,0.5560519099235535,0.8446987966357383,-0.049042732867450894,3.1345075e-09,-0.5768150613985681,False
0.0027973488904535,-0.0040694600902497,0.34326659850459273,-0.25585946673840393,1.53322e-11,-3.666988533878317e-05,True
-0.6458313465118408,0.4340943396091461,0.8225525456619842,0.0076139599303326816,3.106545e-09,-0.7765822239709497,False
-9.764841524884103e-05,0.0008923792629502,0.00044453181842690726,-0.1590867279976298,3.1865675e-12,-2.249123133039926e-05,True
0.0030835957732051,-0.0042306492105126,0.0,0.0,0.0,-0.0,True
-6.74583570798859e-05,0.0014300645561888,-0.01028711198093069,-0.10678751912365576,1.42565e-12,-2.272665110175181e-05,True
0.773277223110199,0.0604963116347789,0.9246918266963599,-0.1399296586253255,0.00022667825,-0.0113687739975019,False
0.2684803605079651,0.1126030758023262,0.9641097449078487,0.07971388257916819,7.684755e-12,-0.0435931196046915,False
1.004541277885437,-0.0397213622927665,0.7682138446605015,-0.06822304428066832,1.68511e-11,-0.0399801178991005,False
0.6272687911987305,0.0674587339162826,0.008480149608276238,-0.0007783034175179576,9.316162e-13,-2.1160547815197336e-06,True
0.0655613616108894,0.0342672541737556,0.5763278707692956,0.1664890057856766,7.085972e-05,-0.0002464480139806,False
0.0056532681919634,0.010002807714045,0.46611530341263385,0.34779290396313367,1.8755825e-13,-0.0005941115089765,False
0.0058167758397758,0.0093822916969656,0.019733731986780443,0.01548134412525402,1.2104825e-12,-4.01149983461003e-06,True
1.0047719478607178,0.0137166529893875,0.6499564208695499,-0.1139463228649221,0.001635245,-0.014523018130426,False
-0.5431689023971558,0.0785642638802528,0.8117796106334876,0.008715745903186318,3.10828e-09,-0.548571226091539,False
0.9944311380386353,0.0005768622504547,0.01567296618716785,-0.0016294025109131285,1.008375e-11,-6.359785715489287e-06,True
0.7566991448402405,0.0515924580395221,0.014638251665888165,-0.0022435062187221117,4.2390054e-12,-4.390920968886321e-06,True
1.1593904495239258,-0.0045931963250041,0.6461147411326268,-0.05821110688658635,0.00384805,-0.1594566174604214,False
0.0166653487831354,0.0160544868558645,0.08877888601153044,0.04531274614177869,4.917595e-13,-2.226405591554782e-05,True
1.0789142847061155,-0.0014242309844121,0.546331933327393,-0.05953661761069244,0.003418355,-0.0789271357935586,False
1.1799224615097046,-0.7868828177452087,0.8000564855706291,-0.02724991399958881,3.13382e-09,-0.8071905977018999,False
0.6346434354782104,0.0668009594082832,0.13396558569347775,-0.012766229802964109,3.2644175e-07,-3.426028434687586e-05,True
1.1782389879226685,0.5516392588615417,0.8432948704487668,-0.049024141664625355,3.1349e-09,-0.5797197674161269,False
1.0119043588638306,-0.0194253958761692,0.7672084714845673,-0.07478342074875918,0.0001538825,-0.0227828831561054,False
0.009549356997013,0.0120329326018691,0.11790937635444422,0.07535797663563767,7.799895e-13,-2.659318067519908e-05,True
0.0350844822824001,0.0245864056050777,0.7706929551928199,0.29178359470565507,8.6624974e-10,-0.0005406097081427,False
1.3480216264724731,1.2278499603271484,0.8374188742818933,-0.02938511765344662,3.135585e-09,-1.2762188595879336,False
1.1057873964309692,0.2015645503997802,0.8312018652533626,-0.07867839073129278,2.708507e-10,-0.2276384001470503,False
0.0167752243578434,-0.0089126480743289,0.19096824009735366,-0.03471921099625302,1.3151147e-07,-5.392337212419191e-05,True
-7.289859786396846e-05,0.0004754055407829,0.010139890114352058,-0.12531833881102758,5.68439e-12,-1.2715408627888374e-05,True
0.91271710395813,0.0074547701515257,0.42226159370225014,-0.033849305021668316,0.00024054725,-0.0006688459785851,False
0.9659732580184937,0.0033412904012948,0.19127367672053613,-0.01833750228076954,5.6189e-06,-8.603370465193425e-05,True
1.1958266496658323,-0.041641317307949,0.8000990332064252,-0.06013893273179903,1.3519816e-05,-0.2002050849166574,False
0.9944373965263368,0.0005583942402154,0.05900252936096683,-0.006134732446688555,1.4215405e-08,-2.4080920163229845e-05,True
1.31087327003479,-0.0063448208384215,0.7725583932282631,-0.054750326901188626,0.0017356136,-0.3109380111430495,False
0.6121128797531128,0.0688319578766822,0.1554155060934362,-0.013129104519518734,6.47703e-07,-3.895816262262311e-05,True
1.6027261018753052,-1.040260672569275,0.8071341912339576,-0.026990976037662363,3.13906e-09,-1.202256636819311,False
0.0001208798857987,-0.0007729612407274,0.1958893395039636,-0.5537267415876023,1.1925875e-11,-7.566389359724223e-05,True
0.8698247075080872,0.0312750972807407,0.18352288738413516,-0.03804094939010965,4.9727923e-06,-7.572819506195371e-05,True
0.0089266216382384,0.0116080492734909,0.039531939071688345,0.025971509412977975,8.3652773e-13,-8.440621674723406e-06,True
0.0162989534437656,-0.0087719811126589,0.005832233578599031,-0.0010896034013615195,2.236955e-13,-1.6768386550558677e-06,True
0.5789559483528137,0.1870908141136169,0.9490060631717459,-0.046982212342444665,2.2301548e-11,-0.1155051709457328,False
0.000524618953932,0.0034476350992918,0.012572182452912757,0.026884310499767545,2.6726925e-13,-1.208809001247386e-05,True
-0.4826572835445404,-0.5703665018081665,0.8068098475203052,-0.003924773981782954,3.10719e-09,-0.7459041323057795,False
0.0105691356584429,0.0126750385388731,0.1312155310388405,0.08046921853503315,7.7695673e-13,-3.028853537547483e-05,True
-0.0004356681893114,0.0006176899769343,0.07559270545447813,-0.3445015976989578,2.7812225e-14,-0.0003660680612273,False
0.444330632686615,-1.5593366622924805,0.806106778820064,-0.015919753895338114,3.1137604e-09,-1.569120029753294,False
0.8991529941558838,0.0249202717095613,0.034541949429644205,-0.007658361583610856,1.3475142e-09,-1.5413484305802547e-05,True
0.7825659513473511,-0.074911817908287,0.7479447924621822,-0.028117705956860976,3.4440673e-11,-0.0908737132152183,False
0.0199404060840606,0.0179478302597999,0.6405223634723274,0.30443550234020506,6.4683175e-11,-0.0002779883186303,False
0.0012616609456017,0.0047373701818287,0.006006627857358651,0.009058108334056432,1.14858e-12,-2.050564526486576e-06,True
-0.0489184521138668,0.000866133661475,0.7096452137080755,-0.004787200465919696,3.0632298e-12,-0.0488431521953316,False
-0.0043628956191241,0.0051970700733363,0.3700398987964025,0.0022059771871289005,1.20197e-13,-0.0051912375253299,False
0.998120903968811,-0.0563285984098911,0.7682284483892926,-0.06373689300154083,2.2579924e-11,-0.0563599325826177,False
0.860238254070282,0.0113070541992783,0.40761169671685576,-0.026302202468282875,0.0002215355,-0.0006273479133957,False
0.0334602259099483,-0.0114761861041188,0.9528137242392716,-0.06886405320830923,1.3183308e-05,-0.0007115316910944,False
0.0354142598807811,-0.0133662233129143,0.9507197536426281,-0.06416868711238916,1.1639075e-12,-0.0024754523834938,False
0.2354842126369476,0.0654898732900619,0.03023476065059539,0.003399698492533133,4.91982e-11,-5.994774449380197e-06,True
0.0353224016726017,0.0241797696799039,0.22701581452613223,0.08574648612051654,1.3962962e-08,-7.601691665568961e-05,True
0.9547029137611388,0.0044437977485358,0.10893907846777873,-0.010094359770221384,4.0807424e-07,-4.656720606362644e-05,True
0.8541626334190369,0.0117823546752333,0.39345264053276346,-0.02467573829563988,0.000183019,-0.0005398529516679,False
0.0348237752914428,-0.0108603332191705,0.054542800868341124,-0.003360327714477809,9.197215e-10,-9.21463641342229e-06,True
-0.0192515589296817,0.0069291745312511,0.6010248415744492,-0.007586862359224368,5.8424077e-13,-0.0199144997473459,False
0.0001781249011401,0.0027518777642399,0.009819665332592148,0.008421035852445772,6.3424624e-15,-7.493103213511356e-05,True
2.865628242492676,0.5368618965148926,0.8219627348317861,-0.028763312264680412,3.162507e-09,-1.9413370225480888,False
0.367255687713623,0.0076849465258419,0.41419309429272916,0.027396692408512804,0.000192859,-0.0004970490022441,False
-9.352350753033534e-05,0.0013449151301756,-0.012091170617161598,-0.16903445029341468,1.480215e-12,-4.022947081981559e-05,True
-1.3249889612197876,1.0389810800552368,0.8251137626827978,-0.004182772299462557,3.0941907e-09,-1.681809857008141,False
0.5133937001228333,0.0159707982093095,0.13297424035886005,0.005193697079251812,1.4197425e-06,-6.172236624451649e-05,True
0.0679312273859977,0.6556610465049744,0.8547616891367674,0.011820680158098364,3.1175575e-09,-0.6077036119923128,False
0.0067319949157536,0.0100809326395392,0.030059807493695676,0.02218751732066627,1.060665e-12,-6.19538159983985e-06,True
0.9682333469390868,0.0031687093432992,0.0982779312168262,-0.009487673250097263,2.3069175e-07,-4.130845861775037e-05,True
3.706884308485314e-05,-0.0002336062170797,0.02839098521784329,-0.12520085290635952,9.106465e-12,-9.556924162648114e-06,True
0.0458075366914272,-0.0114011531695723,0.3563413096016504,-0.009870207112706015,1.3984375e-05,-7.467506961648236e-05,True
0.1546425372362136,-0.0123872300609946,0.8466882327211341,0.050681803387010504,3.927581e-10,-0.0050189610220922,False
1.1072022914886477,0.4510518908500671,0.846250849828885,-0.05648088820218695,3.127765e-09,-0.4634112518855931,False
1.0286829471588137,0.0907182544469833,0.8171047716456724,-0.10744353514431072,5.612122e-11,-0.0951446958459739,False
0.2399152517318725,-0.001128333620727,0.06445626636404307,0.004918905202433803,1.6293004e-08,-2.205948809799534e-05,True
